GWP100,GWP20,GWP_star
2711.704208157029+/-0,6138.709643980976+/-0,(1.6+/-0.8)e+03
