,CO2,netNOx,SO2,BC,H2O,Contrail Cirrus and C-C,Total
GWP100 BAU,-5.955736010552982,0,-119.98502794288521,2.0221165170659248,0,1.1982335034655307,-122.72041393290674
GWP100 SAF,0.0,0,0.0,1.3966556571722624,0,28.22575566274344,29.6224113199157
GWP20 BAU,-5.955736010552982,0,-441.7147931348694,7.43639418969012,0,4.24828242137778,-435.9858525343545
GWP20 SAF,0.0,0,0.0,5.136243102877067,0,100.07313371336295,105.20937681624002
