CO2,netNOx,SO2,BC,H2O,Contrail Cirrus and C-C,Total
17.849358672985773,0,0.0,2.020096420645281,0,2.7597176860980426,22.629172779729096
17.849358672985773,0,0.0,1.3938665302452424,0,48.584819870128854,67.82804507335987
17.849358672985773,0,0.0,7.428965224465664,0,9.784453614347512,35.06277751179895
17.849358672985773,0,0.0,5.125986004881305,0,172.25527044863838,195.23061512650546
