,CO2,netNOx,SO2,BC,H2O,Contrail Cirrus and C-C,Total
GWP100 BAU,17.849358672985545,0,0.0,2.020096420645279,0,3.3399302936793447,23.20938538731017
GWP100 SAF,17.849358672985545,0,0.0,1.3938665302452424,0,48.584819870128854,67.82804507335965
GWP20 BAU,17.849358672985545,0,0.0,7.4289652244656565,0,11.84157104122687,37.11989493867807
GWP20 SAF,17.849358672985545,0,0.0,5.125986004881305,0,172.25527044863838,195.23061512650523
