,CO2,netNOx,SO2,BC,H2O,Contrail Cirrus and C-C,Total
GWP100 BAU,-53.60162409497593,0,0.0,2.0221165170659248,0,1.1982335034655307,-50.38127407444448
GWP100 SAF,-53.60162409497593,0,0.0,1.3966556571722624,0,28.22575566274344,-23.979212775060233
GWP20 BAU,-53.60162409497593,0,0.0,7.43639418969012,0,4.24828242137778,-41.91694748390803
GWP20 SAF,-53.60162409497593,0,0.0,5.136243102877067,0,100.07313371336295,51.607752721264085
