,CO2,netNOx,SO2,BC,H2O,Contrail Cirrus and C-C,Total
GWP100 BAU,-59.497862243285454,0,0.0,2.020096420645281,0,2.7597176860980426,-54.71804813654213
GWP100 SAF,-59.497862243285454,0,0.0,1.3938665302452424,0,48.584819870128854,-9.519175842911359
GWP20 BAU,-59.497862243285454,0,0.0,7.428965224465664,0,9.784453614347512,-42.28444340447228
GWP20 SAF,-59.497862243285454,0,0.0,5.125986004881305,0,172.25527044863838,117.88339421023423
