CO2,netNOx,SO2,BC,H2O,Contrail Cirrus and C-C,Total
-59.497862243285454,0,0.0,2.020096420645281,0,2.7597176860980426,-54.71804813654213
-59.497862243285454,0,0.0,1.3938665302452424,0,48.584819870128854,-9.519175842911359
-59.497862243285454,0,0.0,7.428965224465664,0,9.784453614347512,-42.28444340447228
-59.497862243285454,0,0.0,5.125986004881305,0,172.25527044863838,117.88339421023423
