,CO2,netNOx,Contrail Cirrus and C-C,Total
GWP100 BAU,1540.9946321010864,242.9525579546606,1004.9252228488999,2788.872412904647
GWP100 DACCU,0.0,218.65730215919453,715+/-24,933+/-24
GWP20 BAU,1540.9946321010864,1319.1897664380256,3562.9166991915545,6423.101097730667
GWP20 DACCU,0.0,1187.270789794223,(2.53+/-0.09)e+03,(3.72+/-0.09)e+03
