,CO2,netNOx,Contrail Cirrus and C-C,Total
GWP100 BAU,1548.6996052615916,244.16732074443388,359.82985483203026+/-0,2152.696780838056+/-0
GWP100 SAF,0.0,219.7505886699905,970+/-24,1189+/-24
GWP20 BAU,1548.6996052615916,1325.7857152702156,1275.7603944044708+/-0,4150.245714936278+/-0
GWP20 SAF,0.0,1193.2071437431941,(3.44+/-0.09)e+03,(4.63+/-0.09)e+03
